,plateifu,M*,sigma,min,mout,ext,hsig
0,10001-6104,11.422215577354011,2.3855073,11.079727736179297,10.937142162512934,-1.0,0.0
1,10213-3704,11.551376058440432,2.445147,11.206859109324636,11.062770787624011,0.0,-1.0
2,10214-3703,11.439000286818487,2.4391792,11.162268443917725,10.808284942049179,1.0,-1.0
3,10216-9101,11.594541769929831,2.4407659,11.330218500403706,10.950894207224788,1.0,-1.0
4,10219-3704,11.643483013686675,2.431699,11.3546036735801,11.048045631845728,1.0,-1.0
5,10222-6104,11.404054506535434,2.3466964,11.085927250584223,10.917786498702272,-1.0,1.0
6,10223-3701,11.39984620557037,2.3263001,11.204744437568694,10.52242494891446,1.0,1.0
7,10223-6103,11.224261999077088,2.3370018,11.02048406467942,10.42941836733677,0.0,0.0
8,10223-9101,11.208491320282796,2.2390432,10.980728342583214,10.465886593950943,0.0,1.0
9,10224-3701,11.240696759801038,2.3243082,11.08825065028848,10.31737386433306,1.0,0.0
10,10224-6102,11.250393986890238,2.3857598,11.019757314842295,10.599205780544288,0.0,-1.0
11,10226-9102,11.358569537421657,2.3648102,11.088324773665576,10.685436551879409,0.0,0.0
12,10493-6103,11.619598543014373,2.3956645,11.211776110291472,11.214095253704729,-1.0,1.0
13,10494-12702,11.86078117368726,2.4566665,11.27442342652137,11.59875886212044,0.0,0.0
14,10494-12703,11.299691658480187,2.390993,11.033560698763175,10.586817043281485,0.0,-1.0
15,10494-12704,11.567659141262936,2.4108741,11.116453793279332,11.200718310972988,-1.0,0.0
16,10494-6102,11.444457392421143,2.391841,11.118788020735515,10.915044752602114,-1.0,0.0
17,10495-3704,11.722522767507662,2.4370973,11.359350388737681,11.260111791928558,1.0,0.0
18,10495-9102,11.48355412626227,2.4205093,11.074667656690254,11.016317000998736,-1.0,0.0
19,10496-3701,11.69610901418215,2.5091302,11.32675826309731,11.261771943741927,1.0,-1.0
20,10496-9101,11.516114642597355,2.3713524,11.114164653773898,11.106644018753757,-1.0,1.0
21,10497-12704,11.675073082192807,2.4663987,11.25216043081077,11.292613238253674,-1.0,-1.0
22,10497-3702,11.20568170787461,2.375555,11.134005617475605,9.860776263496785,0.0,0.0
23,10497-6102,11.63009179558539,2.4197807,11.20420878311072,11.236633602267911,-1.0,0.0
24,10498-9102,11.538152728668587,2.388723,11.148007556578234,11.087463763835958,-1.0,1.0
25,10499-12702,11.58800763318206,2.3664708,11.023314240762044,11.283519049745697,0.0,1.0
26,10499-12703,11.733068406338491,2.4530773,11.252599760906495,11.401064886867049,-1.0,0.0
27,10499-9101,11.560811704310314,2.4324875,11.23034036072508,11.044761727055887,0.0,-1.0
28,10500-12705,11.368682342459413,2.329913,11.100382068739556,10.737398884823289,0.0,1.0
29,10500-9101,11.30724285728669,2.360296,11.052306806269952,10.63785695129503,0.0,0.0
30,10501-9102,11.228859532232452,2.3299067,11.023299610113948,10.344498913936045,1.0,0.0
31,10502-6102,11.344575969892052,2.4337168,11.142352182310269,10.563088050103838,1.0,-1.0
32,10503-12705,11.419527284031764,2.4269562,11.082442934573363,10.915287684359452,-1.0,-1.0
33,10507-12701,11.325006548292793,2.348147,11.04736880938346,10.690095308149651,0.0,1.0
34,10507-6104,11.329602052549248,2.380713,11.11376620834604,10.649044797096472,1.0,0.0
35,10508-6102,11.414229755483698,2.35665,11.142526947798391,10.765208719368227,0.0,1.0
36,10508-9101,11.550492697099127,2.4749117,11.26428935419229,10.968024886967898,1.0,-1.0
37,10510-12701,11.429140542226904,2.3570867,11.085776144378555,10.987423841758725,-1.0,1.0
38,10510-6102,11.338804439152222,2.3671463,11.094768145546855,10.664857030592287,0.0,0.0
39,10510-9102,11.477834924447022,2.4006934,11.176144958326244,10.940466754777793,0.0,0.0
40,10511-9102,11.569630527165517,2.434791,11.30670928386705,10.938419761911726,1.0,-1.0
41,10512-3704,11.461034010664386,2.4499838,11.240929701564097,10.74716939981625,1.0,-1.0
42,10513-12701,11.37350067090409,2.366116,11.01863891636325,10.887166863948648,-1.0,1.0
43,10513-9102,11.846991338329737,2.436972,11.332572291164677,11.52522433083177,0.0,1.0
44,10514-1902,11.474071759065652,2.3318791,11.284481573108168,10.69536548683911,1.0,1.0
45,10515-12703,11.345689718294434,2.3281207,10.996080063043298,10.822306844238286,-1.0,1.0
46,10517-12705,11.55868198261339,2.3666008,11.063519386027847,11.196678073827025,-1.0,1.0
47,10519-12703,11.476531021444906,2.3658583,11.025917028035124,11.094026980972938,-1.0,1.0
48,10519-6103,11.430620349272814,2.325062,11.254892058576488,10.56537289050706,0.0,1.0
49,10837-12702,11.338679663311884,2.439665,11.084303631912297,10.649981650686778,0.0,-1.0
50,10837-6102,11.337008190354737,2.3570113,11.115453816501997,10.6160292864652,1.0,0.0
51,10837-6103,11.677812674293236,2.4764144,11.316210792805869,11.18420203453897,1.0,-1.0
52,10837-6104,11.546676006488173,2.428106,11.264003854613557,10.944671596762754,1.0,-1.0
53,10838-12702,11.490540684511858,2.3598182,11.073644533030727,11.083361543231202,-1.0,1.0
54,10839-6102,11.334044326888817,2.3538852,11.1207408818645,10.585144057325692,1.0,0.0
55,10839-6104,11.252701772294579,2.3650951,11.002123638868728,10.569629144590929,0.0,0.0
56,10839-9102,11.811752833330408,2.4761374,11.265156517923804,11.513258497854375,-1.0,-1.0
57,10840-12701,11.290014721501036,2.3754103,10.981790131223633,10.756118920681567,-1.0,0.0
58,10840-6103,11.376892936107447,2.3724282,11.099865637729295,10.801742107262363,0.0,0.0
59,10840-6104,11.619695417535707,2.4948633,11.334529342368493,11.031665078980634,1.0,-1.0
60,10841-12704,11.604551234445632,2.4706905,11.22871265442448,11.150614013632287,0.0,-1.0
61,10841-9102,11.53496833249177,2.4302974,11.2214058224681,10.990866134770151,0.0,-1.0
62,10842-6104,11.593327583110495,2.4069004,11.303256121736831,11.016967647693399,1.0,0.0
63,10843-12701,11.638015694946697,2.3985412,11.196457563956283,11.25731903080172,-1.0,1.0
64,10843-12705,11.261675129253982,2.326129,10.91933640008728,10.720860276471079,-1.0,1.0
65,10843-3704,11.40786035622587,2.44941,11.172483389960844,10.746508259784743,1.0,-1.0
66,10843-6102,11.394202390824162,2.3875475,11.161629819107974,10.686244650761568,1.0,0.0
67,10844-3704,11.454617385037475,2.4243524,11.19444020894958,10.832252595381012,1.0,-1.0
68,10844-6102,11.41957269791884,2.3964775,11.175577171200267,10.752354911819118,1.0,-1.0
69,10844-6104,11.311846077279178,2.3611789,11.079249440470106,10.65355383903997,0.0,0.0
70,10844-9102,11.474153994235163,2.3992598,11.128678148637423,10.970671147416017,-1.0,0.0
71,10845-3701,11.53358843997445,2.3850977,11.253087585184547,10.882864989574315,1.0,0.0
72,10846-12701,11.575491528084775,2.4051652,11.138469103746296,11.183190197755543,-1.0,0.0
73,10846-12702,11.404059190426844,2.3765109,11.082912217964196,10.875787156368517,-1.0,0.0
74,11004-9102,11.422384339660704,2.3893332,11.115112973118485,10.883783115111068,0.0,0.0
75,11009-6104,11.726224749136541,2.48813,11.34474614701245,11.292827304669576,1.0,-1.0
76,11010-12701,11.220678341266721,2.2988918,11.05122902239119,10.292869087507587,1.0,1.0
77,11010-12702,11.515685243063627,2.3896022,11.182855719142319,11.018173694681755,0.0,0.0
78,11011-6103,11.33156747404238,2.2526057,11.053531589277304,10.697105492763049,0.0,0.0
79,11011-9102,11.511482994267606,2.3908336,11.122574661128263,11.076195431488594,-1.0,1.0
80,11012-3701,11.41342261685595,2.4010687,11.164363274101463,10.632271526039192,1.0,-1.0
81,11016-6102,11.377273298943047,2.3314135,10.935600625546222,10.94122168188467,0.0,1.0
82,11018-6103,11.268922314047964,2.3084788,11.048241040960638,10.516420768462098,0.0,1.0
83,11019-9101,11.300596918082158,2.3547533,11.061361250486163,10.643636654404403,0.0,0.0
84,11020-12702,11.928625306291341,2.454695,11.287364305274926,11.696491825441294,0.0,0.0
85,11020-12704,11.43405222963593,2.3688931,11.108306158488325,10.915334342646153,-1.0,1.0
86,11020-3701,11.345508238259479,2.2831137,11.12723547712536,10.609007464058786,1.0,1.0
87,11020-9101,11.728944058723947,2.415241,11.198474194580104,11.441592031771867,-1.0,1.0
88,11020-9102,11.42947196400774,2.3615491,11.143445705570517,10.863089914767091,0.0,1.0
89,11021-12705,11.367266704474789,2.3306513,11.027651107970392,10.884025554341342,-1.0,1.0
90,11021-3701,11.479159925803657,2.3942468,11.209450265352844,10.905732016117824,1.0,0.0
91,11024-12702,11.565062581682003,2.4256482,11.076686920642706,11.236522232720123,-1.0,0.0
92,11024-12705,11.593937837394794,2.418597,11.240079497426885,11.122950334945118,0.0,0.0
93,11024-3701,11.517355521587852,2.4511483,11.234221016073779,10.84717807730411,1.0,-1.0
94,11025-6104,11.414888264524105,2.441444,11.126535965462669,10.833415820642571,0.0,-1.0
95,11742-6101,11.392875517983818,2.4195876,11.146512433964213,10.7306334759047,1.0,-1.0
96,11742-9101,11.443965616200654,2.4124067,11.0911743371116,10.939745592139161,-1.0,0.0
97,11743-1902,11.206331287985225,2.3324995,11.085166031341165,10.161812442044344,1.0,0.0
98,11743-3702,11.330131840452406,2.4670959,11.157216424809093,10.476640701622285,1.0,0.0
99,11744-3701,11.268309045770051,2.3516266,11.101461846627208,10.409676927888924,1.0,0.0
100,11745-3702,11.641554814812064,2.4962285,11.316997010063579,11.112549209169275,1.0,-1.0
101,11745-6102,11.416933078223263,2.3965597,11.164179479773765,10.722348975106733,1.0,-1.0
102,11745-9102,11.665139079011315,2.441989,11.211479821028721,11.305848961655531,-1.0,0.0
103,11746-6103,11.340913947648973,2.4626448,11.121522165151084,10.62175386290534,1.0,-1.0
104,11747-12704,11.887034504402354,2.5183618,11.43359495222111,11.534057630960634,0.0,0.0
105,11747-6103,11.36824394910095,2.4316542,11.132911730793493,10.686317257659448,1.0,-1.0
106,11747-6104,11.426767272171524,2.466377,11.156685965054557,10.799071940905439,1.0,-1.0
107,11748-6104,11.589746749516568,2.4279916,11.227587181667277,11.109828657390985,0.0,0.0
108,11749-3702,11.324475284131898,2.3726885,10.976026846188518,10.816198045996027,-1.0,0.0
109,11749-6101,11.34939598933231,2.3746586,11.10738616986257,10.669300719198054,0.0,0.0
110,11752-3701,11.28195440793717,2.33825,11.024479368253537,10.65461083698809,-1.0,1.0
111,11752-6101,11.60347790927619,2.4206965,11.25676129484959,11.14161920322019,0.0,0.0
112,11752-6102,11.319736557180883,2.323288,11.085393565982207,10.608692969515742,0.0,1.0
113,11752-9101,11.290631676599315,2.3888671,11.01244944796411,10.700571515948281,-1.0,0.0
114,11753-9102,11.558776804491304,2.4150853,11.185548666523767,11.124361587277894,-1.0,0.0
115,11754-12703,11.32334816627128,2.316636,10.98211384942173,10.809301867548742,-1.0,1.0
116,11754-3702,11.20287954866755,2.291931,10.994318110502727,10.466477889418432,0.0,1.0
117,11754-3703,11.267369119413601,2.3257406,11.12127466574442,10.303576008639105,1.0,0.0
118,11755-3701,11.457275804595495,2.4514594,11.18797734674653,10.847626451622935,1.0,-1.0
119,11757-6102,11.398744876084075,2.415073,11.18014462756562,10.744897375179681,1.0,-1.0
120,11757-9102,11.36119341594604,2.3568676,11.06726460498632,10.820587718939818,-1.0,1.0
121,11760-6104,11.416509086126815,2.454458,11.12284402104298,10.868905201966198,0.0,-1.0
122,11761-6101,11.380547249019546,2.3209338,11.113997860662138,10.786977401329056,0.0,1.0
123,11761-9102,11.731074806030772,2.5002456,11.264441153963958,11.417834982660272,-1.0,-1.0
124,11823-12701,11.540879014925768,2.3991919,11.172875349376872,11.07006614730073,-1.0,0.0
125,11824-12703,11.606324535931124,2.4606905,11.263378021178495,11.123800752478825,0.0,-1.0
126,11824-12704,11.232687956224241,2.3531468,10.965670792818617,10.650073640531755,-1.0,0.0
127,11826-9102,11.334132302702907,2.4118004,11.038433495959495,10.769095860321707,-1.0,-1.0
128,11827-3702,11.541833643183608,2.4916975,11.30209370667445,10.853057863372857,1.0,-1.0
129,11828-12701,11.608919636043701,2.4020264,11.180857736992397,11.234788631805678,-1.0,1.0
130,11828-6103,11.764750228126648,2.443811,11.380701687640833,11.309748773084497,1.0,0.0
131,11828-6104,11.297751155355572,2.3423593,11.037032646515021,10.671282263941208,0.0,1.0
132,11830-3701,11.329166772119159,2.2859602,11.063575672794268,10.712763774167943,0.0,1.0
133,11830-9101,11.212619614088116,2.406635,10.981452855905165,10.55611125557737,-1.0,-1.0
134,11831-3703,11.3448044754371,2.3938699,11.068760583341284,10.805445941286264,-1.0,0.0
135,11833-9101,11.228683588578486,2.3351622,10.989643799357443,10.542032061302187,0.0,1.0
136,11834-6101,11.498092102336216,2.4368324,11.146636943851142,11.050834483493476,-1.0,-1.0
137,11836-3703,11.453621554492207,2.3880525,11.184834105519734,10.885626781952814,0.0,0.0
138,11838-3703,11.410298763240199,2.4178455,11.060914504143021,10.910415709564571,-1.0,-1.0
139,11838-6102,11.519581361840807,2.4221303,11.200753932461895,10.970918717435401,0.0,-1.0
140,11838-6104,11.620470087294894,2.4650626,11.248376105878174,11.158157026736765,0.0,-1.0
141,11863-6101,11.495830755561977,2.476095,11.195816065914524,10.93031061696933,0.0,-1.0
142,11863-6102,11.475933768337704,2.4297533,11.195812367201608,10.868686587248842,1.0,-1.0
143,11866-12704,11.377084171185869,2.4248705,10.756636739007996,11.0514233021415,0.0,0.0
144,11867-6102,11.3655612050323,2.4001443,11.155047986124483,10.620456167737363,1.0,-1.0
145,11868-6103,11.339859353135225,2.4175835,11.136362271203767,10.550027638366812,1.0,-1.0
146,11872-12703,11.295721414347254,2.3343,10.888167500676088,10.89575185164862,0.0,1.0
147,11872-1901,11.257126817113113,2.314876,11.07028252344156,10.431948699191095,1.0,1.0
148,11872-6103,11.30903792115869,2.3397892,11.117818923527906,10.382995127845295,1.0,0.0
149,11940-9101,11.351097200521043,2.392476,11.047403616124232,10.752386152954106,-1.0,0.0
150,11944-12705,11.37350799587468,2.2743728,11.013201730796386,10.90856449657575,-1.0,0.0
151,11944-6101,11.212682075546631,2.2992833,11.032752396547405,10.3594584830004,1.0,1.0
152,11944-9102,11.52551518820912,2.4611108,11.205842068413984,10.981196855832945,0.0,-1.0
153,11946-12705,11.225875627842075,2.2964344,10.89820140276957,10.708630805005088,-1.0,1.0
154,11946-6104,11.4810192580886,2.353585,11.127076506834774,10.99599215104185,-1.0,1.0
155,11947-12702,11.669210860531471,2.422725,11.19251947016745,11.330466477272646,-1.0,0.0
156,11947-3701,11.531044427054898,2.414853,11.183942752393689,11.058936218232747,0.0,0.0
157,11947-6101,11.562026075031968,2.425382,11.21873213010251,11.078336558075211,0.0,0.0
158,11948-12705,11.572814438166573,2.455937,11.222260584037427,11.114155575250027,0.0,-1.0
159,11948-6103,11.69109678232619,2.3880055,11.142898479263582,11.371614239588167,-1.0,1.0
160,11949-12704,11.400647850860935,2.377982,11.040834370339136,10.911447724463548,-1.0,0.0
161,11949-6102,11.290442525743092,2.331314,11.020004669098652,10.726636767193456,-1.0,1.0
162,11949-6103,11.613254540056854,2.4766612,11.280019401068186,11.132758800177553,1.0,-1.0
163,11950-12703,11.264354787282858,2.2919617,10.879184237277382,10.730547782554057,-1.0,1.0
164,11950-9102,11.615334811538103,2.423443,11.263776537530346,11.11890263482188,0.0,0.0
165,11951-6102,11.499050062926464,2.4234304,11.15302137048049,10.959981192245284,0.0,-1.0
166,11951-9101,11.545147128117158,2.4987552,11.197898574980353,11.094966561185595,0.0,-1.0
167,11952-9101,11.496793324883903,2.4309328,11.113869139794573,11.069481374074554,-1.0,-1.0
168,11953-6102,11.546024082416665,2.3586175,11.25082718274259,11.002454425235547,1.0,1.0
169,11953-9102,11.339768935903459,2.3945363,10.990048552961467,10.877256436529878,-1.0,0.0
170,11957-6104,11.472512446788171,2.3557475,11.16338419534259,10.905596194443104,0.0,1.0
171,11958-12703,11.56917189910651,2.3714144,11.092837591547891,11.23996712721096,-1.0,1.0
172,11960-3702,11.250632266362171,2.2740786,11.043892733340734,10.48311058205492,1.0,1.0
173,11960-3703,11.301124180202443,2.3434672,11.119241491056655,10.494447715019724,1.0,0.0
174,11960-9102,11.413877182242096,2.4527955,11.200025238827967,10.639597117659232,1.0,-1.0
175,11962-1901,11.381559250662923,2.37933,11.210325609850722,10.488592363259368,1.0,-1.0
176,11962-3703,11.32529668049547,2.347971,11.099899537373712,10.640787748933416,1.0,0.0
177,11962-9102,11.474839069871374,2.4464195,11.114249340443155,11.023635580387895,-1.0,-1.0
178,11963-3701,11.314702985874238,2.4624116,11.148465641661769,10.42373841980669,1.0,0.0
179,11965-6101,11.673068012285945,2.4548407,11.366928163705307,11.129511592047372,1.0,-1.0
180,11967-9101,11.32079313027238,2.3766298,11.138675708830261,10.480215298764364,1.0,-1.0
181,11969-12704,11.608010636065844,2.3972478,11.077609185735101,11.304677857239056,-1.0,1.0
182,11970-9102,11.251916869004496,2.3479748,11.047544835200267,10.424866981521765,1.0,0.0
183,11974-12705,11.39728597244724,2.4187088,11.092591100600806,10.8354995846136,0.0,-1.0
184,11974-3701,11.237906692041273,2.2384875,11.088802772251263,10.343972789710948,1.0,1.0
185,11974-3702,11.343202720854059,2.2872133,11.114118595451698,10.617156718958421,1.0,1.0
186,11975-6102,11.317266416336068,2.2926998,11.02767058169226,10.705604665655237,-1.0,1.0
187,11975-9101,11.589907029136352,2.3585048,11.083032314025468,11.2583101702867,-1.0,1.0
188,11975-9102,11.29528273226436,2.2743921,11.045644662515917,10.553518616719707,0.0,1.0
189,11976-12704,11.266417848718321,2.335655,11.046335933727857,10.495662820569205,1.0,0.0
190,11977-3703,11.401183868338057,2.360038,11.100270150188356,10.872258017568972,-1.0,1.0
191,11979-12701,11.628755472737344,2.385748,11.223863549457237,11.243209088494934,-1.0,1.0
192,11979-3701,11.400006082748533,2.2691126,11.039659864377215,10.84206976477019,-1.0,1.0
193,11980-6103,11.246763483922358,2.289727,11.079940458049174,10.341386016413477,1.0,1.0
194,11981-12705,11.23571566678,2.3736017,10.955177945903253,10.625098700563106,-1.0,0.0
195,11981-3704,11.399388926654138,2.2793121,11.124349121906558,10.792527160199665,0.0,1.0
196,11982-6103,11.53671354120496,2.4608276,11.215626951728657,11.024257408994956,0.0,-1.0
197,11983-12703,11.286081500925686,2.3762598,10.948891917260752,10.783288159758698,-1.0,0.0
198,11983-12704,11.751271356255538,2.4467125,11.209511465615666,11.444126421841048,-1.0,0.0
199,11983-6101,11.48035101375281,2.4149368,11.147345861894546,10.937590201171734,0.0,0.0
200,11983-6102,11.201447910804712,2.361524,10.983596370891153,10.359291908855866,0.0,-1.0
201,11983-9101,11.224788570690965,2.2544713,10.975884642887763,10.418309147634492,0.0,1.0
202,11984-6104,11.335733897094904,2.2765968,11.119317768157108,10.510587355266301,1.0,1.0
203,12067-6103,11.592170406672102,2.4600208,11.241214743791868,11.101000570392218,0.0,-1.0
204,12068-12702,11.428928642877866,2.3683984,11.161855593052497,10.802496190332612,1.0,0.0
205,12068-6101,11.624686859261743,2.3939152,11.271103186064277,11.138211429930863,0.0,1.0
206,12069-3701,11.467753424721895,2.4192703,11.201990485262353,10.84863120913772,1.0,-1.0
207,12069-3704,11.465846656660506,2.4199228,11.276292896420053,10.672702613032076,1.0,-1.0
208,12069-9102,11.449104142211425,2.3659017,11.215271732144224,10.731969570576094,1.0,0.0
209,12070-12705,11.451889668888121,2.4028864,11.155942656126749,10.87000769801462,0.0,0.0
210,12071-6104,11.393890609961108,2.305768,11.189177561796019,10.674213930136103,1.0,1.0
211,12073-9102,11.695711746151176,2.4739974,11.352404342082382,11.220717634665355,1.0,-1.0
212,12075-12701,11.645610104993658,2.3979673,11.281340825438264,11.18130524530304,0.0,1.0
213,12075-9101,11.6526555764577,2.4179158,11.228477567446749,11.267660232771238,-1.0,0.0
214,12079-6104,11.462418692645633,2.3720496,11.15115861612601,10.925223842328768,0.0,1.0
215,12079-9102,11.255530183552986,2.2804413,11.051030753837523,10.452993060192311,1.0,1.0
216,12083-12704,11.385271598031652,2.3931406,11.114529946368659,10.773134593633053,0.0,0.0
217,12085-6104,11.467060019901172,2.4447207,11.10297226125254,10.9930334909087,-1.0,-1.0
218,12089-6102,11.216844732643562,2.3221047,11.09046004817252,9.7822908526631,0.0,0.0
219,12089-6104,11.411467375793457,2.373958,11.206833188514498,10.655665058571655,1.0,0.0
220,12090-3704,11.276468328663437,2.4615188,11.136000593078897,10.346581194847195,1.0,0.0
221,12090-6104,11.202990100753874,2.3585107,11.023924380775819,10.348350812632166,1.0,-1.0
222,12093-3701,11.363000015179269,2.3319895,11.11156005158922,10.758564113020988,0.0,1.0
223,12094-12703,11.438958333793352,2.3443775,11.181679535062848,10.776994561190113,1.0,1.0
224,12484-9102,11.340428532520987,2.380701,11.060593629530528,10.723572380314689,0.0,0.0
225,12485-12701,11.48717698667376,2.3017883,11.09531942292367,11.057640666930652,-1.0,1.0
226,12485-6104,11.264622011369939,2.3394823,11.086141478275403,10.400845894509137,1.0,0.0
227,12488-3701,11.2095945210207,2.3689015,10.965573789842999,10.468465641877732,0.0,-1.0
228,12489-6104,11.511171688121728,2.3657608,11.185258856583731,10.999058717458913,0.0,1.0
229,12495-3704,11.390851208451126,2.4055312,11.13132987598314,10.797616924344425,0.0,-1.0
230,12510-3703,11.59021638715307,2.3766303,11.193306121043465,11.18753040541041,-1.0,1.0
231,12511-12702,11.409175955273511,2.3780892,11.0654124442051,10.863793995808985,-1.0,0.0
232,12511-6102,11.448430676568789,2.3986979,11.133004430835282,10.927921000068169,0.0,0.0
233,12512-12704,11.611688713994674,2.3459089,11.220050293656715,11.182575328015712,0.0,1.0
234,12512-3702,11.24081996172719,2.3431365,11.042493786981932,10.497801698024702,0.0,0.0
235,12514-3701,11.542505715913558,2.357929,11.248398482205406,10.968892528678492,1.0,1.0
236,12514-6101,11.357329279062569,2.3516252,11.098867273375811,10.68802265206647,0.0,1.0
237,12518-6104,11.463586909389862,2.4815004,11.187782242330874,10.871636620774206,1.0,-1.0
238,12620-3702,11.41465814020917,2.386304,11.16779129548934,10.724388502307765,1.0,0.0
239,12621-6104,11.565845350001446,2.3838906,11.229509041875813,11.0533917933316,0.0,1.0
240,12624-6101,11.337967339840738,2.3939216,11.161647000102722,10.48868076957472,1.0,-1.0
241,12624-6103,11.714792440026331,2.4588013,11.30885586172521,11.289667953549005,0.0,-1.0
242,12624-6104,11.32600342329523,2.3161263,11.173924451172606,10.327739640958738,0.0,0.0
243,12651-12703,11.729507216955831,2.4432116,11.179488477653717,11.446691374116808,-1.0,0.0
244,12651-9102,11.315405179686698,2.301694,11.12450730393452,10.426587540256257,1.0,1.0
245,12652-3704,11.41637402414404,2.3780105,11.095642447696067,10.943821992330825,-1.0,1.0
246,12652-6102,11.331463894476693,2.3596275,11.11950956095852,10.577989050558386,1.0,0.0
247,12667-12704,11.334902799961426,2.3531308,10.98748094326421,10.828154255838712,-1.0,1.0
248,12675-6101,11.424052642881417,2.4056206,11.06280819278115,10.947992777765286,-1.0,0.0
249,12675-6104,11.614156850133009,2.42448,11.24655574754511,11.122611610144258,0.0,0.0
250,12675-9101,11.625019892444742,2.4179373,11.101461573494406,11.298620440663433,-1.0,0.0
251,12675-9102,11.435912707424853,2.3636205,11.088971820426499,10.977412768053982,-1.0,1.0
252,12678-12704,11.432497039002348,2.3339577,11.138729266092414,10.748571288084628,1.0,1.0
253,12682-3701,11.566874311218065,2.488721,11.215408715387726,11.09185136993199,0.0,-1.0
254,12682-3703,11.412565559613677,2.4247627,11.204385646280649,10.675117597715465,1.0,-1.0
255,12682-6104,11.497099356608066,2.402995,11.239974429381471,10.8909976951869,1.0,0.0
256,12683-3701,11.558733458117757,2.4258997,11.234537960146,11.023001744133486,0.0,-1.0
257,12683-6104,11.621963486793929,2.4243498,11.231247126097827,11.187091030781735,0.0,0.0
258,12684-3701,11.30064486679743,2.3813183,11.082678466842964,10.56138278098728,1.0,-1.0
259,12684-3703,11.480791554927917,2.42275,11.23992114340964,10.740027426422495,1.0,-1.0
260,12684-6103,11.608199922360875,2.437787,11.298996131304278,11.078238929771878,1.0,-1.0
261,12684-9102,11.282622583257638,2.3934026,11.073310155329095,10.580725913373845,0.0,-1.0
262,12696-3702,11.395983669581383,2.4153624,11.201596443046256,10.661179124327163,1.0,-1.0
263,7443-6104,11.237726375718422,2.2097874,11.049563694685597,10.175340104631873,1.0,0.0
264,7443-9102,11.404417900899919,2.4590025,11.096237022026573,10.850764047411113,-1.0,-1.0
265,7959-3704,11.470863264866688,2.457929,11.228086767942813,10.783710496462804,1.0,-1.0
266,7959-6104,11.50920935320761,2.4001458,11.225077184608498,10.929008605927052,1.0,0.0
267,7959-9101,11.551385210497259,2.4057136,11.141883194504214,11.119289936656372,-1.0,0.0
268,7960-9102,11.575724681018695,2.506782,11.097224692516296,11.233015719609666,-1.0,-1.0
269,7961-3703,11.227464304265178,2.3447366,11.048938810547293,10.416807578768047,1.0,0.0
270,7961-9101,11.511373121367406,2.348883,11.050788558565543,11.166244452290345,-1.0,1.0
271,7962-3702,11.436302813236694,2.438768,11.106164268310048,10.941399993573674,-1.0,-1.0
272,7962-6103,11.538812700733882,2.3626845,11.262586346135386,10.950034228354587,1.0,1.0
273,7975-3702,11.535113010363471,2.4629183,11.256100058117381,10.971245055446479,1.0,-1.0
274,7975-3704,11.455807334216374,2.409249,11.11954061134959,10.937465008615828,-1.0,0.0
275,7979-6101,11.354474897921847,2.386956,11.109086187364728,10.693740356720026,0.0,0.0
276,7981-12702,11.61506293391196,2.455331,11.307621671260996,11.065405185647974,1.0,-1.0
277,7981-3702,11.610132290062706,2.3509521,11.302481058005414,11.073248272835238,1.0,1.0
278,7981-6104,11.46117962263436,2.347471,11.180165912969166,10.860436591915091,1.0,1.0
279,7993-6102,11.385123086084073,2.3688207,11.137153670850298,10.721686766968642,1.0,0.0
280,7993-9102,11.22438897189666,2.3234277,10.971889868205263,10.521997326722133,-1.0,1.0
281,8075-12704,11.534575564487412,2.4367974,11.156866384155972,11.109498305678422,-1.0,-1.0
282,8075-9101,11.528662693105336,2.404089,11.193276359068916,11.02350893301502,0.0,0.0
283,8080-6102,11.357883864636948,2.3979888,11.175561445008112,10.519726568387524,1.0,-1.0
284,8082-12705,11.256108548864127,2.4000676,11.065985704356233,10.352291688379596,1.0,-1.0
285,8085-3702,11.60325221831754,2.5120108,11.270439024232708,11.11814720691114,1.0,-1.0
286,8085-6101,11.303778974710923,2.428081,11.077675601046618,10.522606016829503,1.0,-1.0
287,8085-9101,11.244855209437954,2.354651,11.079846290473826,10.272575025324828,1.0,-1.0
288,8087-6102,11.294774485486247,2.356025,10.980356745185432,10.782275785870997,-1.0,1.0
289,8087-9101,11.328308900651997,2.3086562,11.126754079587496,10.543747401405252,1.0,1.0
290,8091-3701,11.406037620270821,2.4146025,11.153806346237781,10.729972360804096,1.0,-1.0
291,8091-9102,11.525086712448914,2.4263248,11.224837801079616,10.904232870776681,1.0,-1.0
292,8092-12701,11.327226411838103,2.326043,10.974474718710855,10.815382588888554,-1.0,1.0
293,8092-6104,11.34234819692344,2.364394,11.098203014450199,10.687762515049668,0.0,0.0
294,8092-9102,11.657665630174348,2.4352038,11.154748766784296,11.308987160559465,-1.0,0.0
295,8093-6101,11.398313468387162,2.4321978,11.144698814250962,10.752044526884422,1.0,-1.0
296,8095-6101,11.442175898474414,2.4494836,11.086303479476188,10.99320792358433,-1.0,-1.0
297,8095-6104,11.271623200346077,2.291775,11.100556634486436,10.348098156377906,1.0,1.0
298,8095-9102,11.734123590324208,2.4251885,11.336114994296468,11.33059909107215,0.0,0.0
299,8131-12702,11.39668364093736,2.4219353,11.081242453858643,10.834289571008954,-1.0,-1.0
300,8131-6102,11.39505254109264,2.4308035,11.163478040444215,10.716285738770537,1.0,-1.0
301,8131-6103,11.719705726155011,2.412481,11.24457959999729,11.368133002049333,-1.0,1.0
302,8132-6103,11.516631615639314,2.3693767,11.157774033986025,11.041714429377361,-1.0,1.0
303,8132-9102,11.41064042435758,2.3740573,10.928501145365379,11.065930115714819,0.0,1.0
304,8133-3702,11.4534526354775,2.38656,11.174138229331911,10.844400359310265,1.0,0.0
305,8135-6102,11.434640376528446,2.312753,11.13031601252334,10.85207733607799,0.0,1.0
306,8135-9101,11.491895129501918,2.371268,11.088492172486829,11.080545752790535,-1.0,1.0
307,8137-6101,11.357220266652151,2.3748982,11.070819523040118,10.753091440592593,0.0,0.0
308,8137-6102,11.384705070441925,2.375602,11.179463936334972,10.645947969251875,1.0,0.0
309,8137-6103,11.31858603022173,2.353316,11.16872989070146,10.355842348616047,0.0,0.0
310,8137-6104,11.601409950138322,2.3329728,11.161827660520729,11.058730712701161,-1.0,1.0
311,8137-9101,11.578006694937237,2.3842025,11.163203111016056,11.174861096023385,-1.0,1.0
312,8138-12704,11.252157939281625,2.1865902,11.040656881768106,10.399880277734631,1.0,0.0
313,8139-9102,11.228905872686386,2.3109996,11.075510427464057,10.244112244288104,1.0,0.0
314,8141-6101,11.232185282892619,2.3303041,11.074327412837944,10.316555594554968,1.0,0.0
315,8141-9101,11.235982535918723,2.2733283,10.97731951084082,10.578432336365745,-1.0,1.0
316,8143-12701,11.4270882745197,2.337505,10.995951810415866,11.053772449870586,-1.0,1.0
317,8146-12704,11.306459901845358,2.4141154,10.95041196408347,10.79760347594436,-1.0,-1.0
318,8148-12702,11.3754841126734,2.4261189,11.078133252386621,10.803916522565329,-1.0,-1.0
319,8149-12705,11.247329135171583,2.3287106,10.971539565171467,10.645941626454581,-1.0,1.0
320,8153-6104,11.239253521187797,2.401542,10.997027534507513,10.60955028636452,-1.0,-1.0
321,8154-3702,11.42592044028246,2.4663055,11.202904290715349,10.72461098821191,1.0,-1.0
322,8156-3704,11.518346072243958,2.4607062,11.211338471364337,10.97423738784334,0.0,-1.0
323,8156-9101,11.354950272015762,2.3322146,10.946851924696205,10.838321098949875,-1.0,1.0
324,8157-6101,11.253880922070257,2.3463233,11.025832738040831,10.57348145038966,0.0,0.0
325,8158-12704,11.477678279915226,2.427835,11.198606341637293,10.874014601045925,1.0,-1.0
326,8158-6103,11.360688714809552,2.3987005,11.098867399179662,10.685771006533672,0.0,-1.0
327,8239-12701,11.38515312546593,2.3403902,11.017185795251226,10.887833470456581,-1.0,1.0
328,8240-12703,11.850556612664487,2.411207,11.298662220227733,11.573630344129894,0.0,0.0
329,8241-6103,11.498337565819238,2.4033768,10.924684597713673,11.216502452246617,0.0,1.0
330,8241-6104,11.412498520648429,2.3925688,11.08400900196472,10.86458393842769,-1.0,0.0
331,8243-6101,11.368912317661847,2.35652,11.064366389145498,10.812274986574174,-1.0,1.0
332,8243-9102,11.533344101389787,2.2703712,11.269156620586855,10.916440166568758,1.0,0.0
333,8244-1901,11.38390247560511,2.417455,11.100304382313201,10.701680341265801,0.0,-1.0
334,8244-3704,11.680092763150471,2.4552414,11.296105874536842,11.232448336187858,0.0,-1.0
335,8244-6103,11.580522629515045,2.4327765,11.170532876609801,11.170833070606523,-1.0,0.0
336,8244-9102,11.551056419659643,2.3554919,11.07165513032591,11.194586975924326,-1.0,1.0
337,8245-3703,11.313938501554324,2.3936913,11.028680101376278,10.686818887469126,-1.0,-1.0
338,8247-9102,11.69112213912959,2.4864492,11.16812068523154,11.32903070087755,-1.0,-1.0
339,8248-6101,11.368094332048521,2.3621502,11.12008467718248,10.678176924990215,1.0,0.0
340,8248-9101,11.477178549327185,2.3777804,10.880957590586561,11.228987333896322,0.0,1.0
341,8249-6103,11.221688950180022,2.2660592,11.034616797588054,10.409517966515239,1.0,1.0
342,8253-6102,11.362468853930482,2.3658848,11.053322763447847,10.807680966747403,-1.0,0.0
343,8253-6103,11.713867344239615,2.4337225,11.324224310647361,11.286116723435331,0.0,0.0
344,8255-6104,11.50514134469143,2.4060779,11.246426690441726,10.800907981002588,1.0,-1.0
345,8256-6103,11.417580497067103,2.444177,11.117713518282793,10.884364772718103,0.0,-1.0
346,8256-6104,11.306688173145638,2.3247094,11.017422577583904,10.743211917489711,-1.0,1.0
347,8257-3702,11.446028157629469,2.405938,11.189628236930652,10.780431451848974,1.0,-1.0
348,8257-6104,11.637309107803604,2.4751904,11.137160173248276,11.273600934637942,-1.0,-1.0
349,8258-3703,11.34619913882262,2.3214378,11.172953578776008,10.380777242140608,0.0,0.0
350,8258-6102,11.222369103127456,2.3437598,10.979944853434116,10.586632064282528,-1.0,0.0
351,8259-12705,11.393207203134354,2.4389307,11.046452760997193,10.899745975018668,-1.0,-1.0
352,8259-3703,11.443179802558772,2.4494922,11.176854155968094,10.84512714138576,1.0,-1.0
353,8261-3702,11.492213145593414,2.3960116,11.189903385558244,10.930146146565084,0.0,0.0
354,8261-3703,11.567384266285854,2.470119,11.346315832733694,10.847217008581135,0.0,-1.0
355,8261-6101,11.41224261084862,2.4170465,11.111916873302748,10.829586861275523,0.0,-1.0
356,8262-6104,11.227478640804211,2.2905376,11.024049458053804,10.486407159632394,0.0,1.0
357,8262-9101,11.228825682753463,2.233048,11.064769923692959,10.325905268193944,1.0,0.0
358,8263-9102,11.29224972350706,2.340919,10.916680573625523,10.84059401027965,-1.0,1.0
359,8309-12702,11.681871578684635,2.476826,11.281994645035684,11.275286170814203,0.0,-1.0
360,8309-12704,11.526930370841084,2.5064619,11.225801829707938,10.95478794868918,1.0,-1.0
361,8309-9101,11.320754160312266,2.344098,11.024907706423937,10.71430399346043,-1.0,1.0
362,8310-6101,11.460792381744584,2.3806143,11.143896055980564,10.944321673016027,0.0,0.0
363,8311-9102,11.454603093213134,2.3268435,11.107931514011456,10.994805509362596,-1.0,1.0
364,8313-3702,11.393533255275777,2.360684,11.16215994987149,10.707560668080237,1.0,0.0
365,8314-9102,11.359071214530234,2.3665464,11.10228446103695,10.752878728199963,0.0,0.0
366,8315-12702,11.519974437981807,2.3930292,11.164011290071809,11.083544767444346,-1.0,1.0
367,8315-3703,11.338558188335902,2.296756,11.096656559483675,10.63405216281513,1.0,1.0
368,8315-6104,11.241400217973341,2.3374374,11.021037028697506,10.492815416978843,0.0,0.0
369,8317-12701,11.500822289993442,2.4277146,11.16529542541076,10.994020944338184,0.0,-1.0
370,8317-6103,11.444207465457092,2.3700173,10.986198578592454,11.102067840569694,0.0,1.0
371,8319-12701,11.328487869357547,2.3644433,11.014842680132727,10.781630432199536,-1.0,0.0
372,8319-9102,11.427729777096804,2.3858943,11.06296134844087,10.94144377375774,-1.0,0.0
373,8322-3702,11.24801283712951,2.3396637,11.084103721563313,10.323385197845253,1.0,0.0
374,8325-6104,11.3479091512188,2.3944824,11.155169376297454,10.48960161591775,1.0,-1.0
375,8326-3702,11.508675407739446,2.3748853,11.19986488428575,10.974523994335637,0.0,1.0
376,8327-9101,11.219579990189532,2.301946,10.907444247033053,10.687693763536199,-1.0,1.0
377,8328-3703,11.656986395706804,2.4332569,11.145502149455254,11.326444673443516,-1.0,0.0
378,8328-6102,11.435737121487378,2.3884776,11.159930184770674,10.84192522515342,0.0,0.0
379,8329-3703,11.592535563553895,2.3496227,11.157627434792783,11.184457406057884,-1.0,1.0
380,8330-12705,11.27677470943017,2.3492334,10.948679626002546,10.763369473261319,-1.0,1.0
381,8330-3702,11.243284142823804,2.2352662,11.083409728964666,10.28639664404367,1.0,0.0
382,8331-12701,11.335510207459928,2.3117874,10.963396155611113,10.906217828620289,-1.0,1.0
383,8331-3702,11.272255157151255,2.4139674,11.073650814087621,10.415415448042934,1.0,-1.0
384,8331-9101,11.469659808932311,2.4241276,11.161183751261696,10.927129308896522,0.0,-1.0
385,8331-9102,11.46093219977372,2.3838756,11.16102826322286,10.915286655485863,0.0,0.0
386,8333-3703,11.42293357773274,2.4758644,11.047324560521185,10.9292176003552,-1.0,-1.0
387,8333-6101,11.573576862471292,2.4379296,11.146154105632032,11.214940348442678,-1.0,0.0
388,8333-9101,11.377561287709913,2.3699296,11.080362007682025,10.827641879296927,-1.0,0.0
389,8335-6103,11.62309909868263,2.4843333,11.148383854901242,11.303213051935423,-1.0,-1.0
390,8335-9101,11.464166602618565,2.4397736,11.087043266466507,11.040516570339182,-1.0,-1.0
391,8336-6103,11.381425694756812,2.48474,11.145798044104133,10.67130939448488,1.0,0.0
392,8336-6104,11.566092676371747,2.4224398,11.264508595969074,10.993194135648524,1.0,-1.0
393,8338-1902,11.218966750237659,2.3003447,11.063224156584262,10.413579355374182,1.0,1.0
394,8341-12702,11.493708697170163,2.34654,11.176680761526207,10.943329718201298,0.0,1.0
395,8438-12703,11.216479415912637,2.3410046,10.910274839732192,10.657984785193072,-1.0,1.0
396,8440-12702,11.44650352871054,2.3776674,11.00863315734047,11.064000703477147,-1.0,1.0
397,8440-6103,11.47326388397499,2.4368827,11.132406778535671,10.923417536058896,0.0,-1.0
398,8440-9101,11.649759147571505,2.4213583,11.15153097300038,11.30906859898315,-1.0,0.0
399,8443-3703,11.468319059902532,2.3410063,11.182326840921501,10.89116595536875,0.0,1.0
400,8447-12704,11.410988976615526,2.3915734,11.037025307374662,10.97941502162682,-1.0,0.0
401,8447-3702,11.565365212898797,2.433927,11.217974694144118,11.070059671719136,0.0,-1.0
402,8447-6102,11.591477496252718,2.408358,11.2243352339438,11.115951222752019,0.0,0.0
403,8447-6103,11.569379196324578,2.4283617,11.30659921899154,10.890061331916494,1.0,-1.0
404,8448-12701,11.241693369167663,2.2685082,10.922579191637478,10.694575151446458,-1.0,1.0
405,8450-12704,11.479846260106426,2.336479,11.222575468673826,10.823256652999294,1.0,1.0
406,8452-3702,11.282472532215158,2.4656184,11.093808112906052,10.44484002917403,1.0,0.0
407,8452-3703,11.600077016264068,2.4013102,11.225807320037195,11.126592575939629,0.0,0.0
408,8452-6103,11.324799258233591,2.3476667,11.069709650383329,10.689126527338384,0.0,1.0
409,8452-9101,11.434724444763061,2.4292305,11.138499697370907,10.865060908163349,0.0,-1.0
410,8454-12704,11.347183087081037,2.4199147,11.038792330039032,10.785136056426131,-1.0,-1.0
411,8454-6103,11.46479059897283,2.3054974,11.119239409923615,10.992380467622947,-1.0,1.0
412,8455-12703,11.641497198029178,2.3312104,10.936824480181027,11.421105452994466,0.0,1.0
413,8455-12704,11.229546944195205,2.2648396,10.941665678589725,10.62574877274217,-1.0,1.0
414,8456-6103,11.504695190632836,2.3487248,11.2012947781956,10.93556261162106,0.0,1.0
415,8458-9101,11.388146513710975,2.3298926,11.025237428749126,10.887868971139103,-1.0,1.0
416,8461-12701,11.6692432642143,2.4032445,11.194628371323242,11.352371081182666,-1.0,1.0
417,8461-3701,11.28954661490285,2.3434384,11.070608617723172,10.638011733946119,0.0,1.0
418,8461-3702,11.522395623027993,2.4107325,11.231265456004376,10.967378423407272,1.0,0.0
419,8461-3703,11.388523375451038,2.3929288,11.17721683425308,10.600446261645388,1.0,-1.0
420,8466-3704,11.452854547034685,2.4528208,11.112813456135742,10.957055812164944,-1.0,-1.0
421,8466-6104,11.636052083453823,2.3588603,11.243384772454046,11.209588119029238,0.0,1.0
422,8482-12701,11.4444040406323,2.295784,11.125158364522289,10.870125702299053,0.0,1.0
423,8482-12704,11.391223097130425,2.333005,11.123220219046784,10.777968027279092,0.0,1.0
424,8482-3703,11.301945715785429,2.321681,11.06597958795278,10.62974709497236,0.0,1.0
425,8482-6102,11.265989085826389,2.3566613,11.000323479347758,10.703884153671519,-1.0,0.0
426,8482-6103,11.311135536017018,2.408916,11.042156950523259,10.761239087641318,-1.0,-1.0
427,8483-6104,11.559869129340354,2.4195106,11.129681058536118,11.172212081373477,-1.0,0.0
428,8484-12701,11.406619861298438,2.347105,11.04718122723822,10.958752533252655,-1.0,1.0
429,8484-9102,11.224951086656793,2.2864935,10.976993178984994,10.517508692123732,0.0,1.0
430,8485-9101,11.531888724106365,2.4155965,11.141604712010736,11.125125153783658,-1.0,0.0
431,8487-12702,11.30701757402548,2.4574568,11.063303961891531,10.697792513897644,0.0,-1.0
432,8487-6104,11.241195318429904,2.3060522,11.105241718341128,10.099687203673042,0.0,0.0
433,8488-12703,11.475926944627485,2.3792045,11.150247276207693,10.994273521898945,0.0,1.0
434,8488-6102,11.59465069712558,2.3506727,11.219497034200398,11.148144807623872,0.0,1.0
435,8488-6103,11.24635203499156,2.384948,11.060843436514755,10.266602022841688,1.0,-1.0
436,8546-3701,11.673565766951226,2.3946693,11.280560297122292,11.245204001303698,0.0,1.0
437,8547-9101,11.432895313766549,2.4016151,11.124418123056014,10.896166107303875,0.0,0.0
438,8549-6101,11.430429013739422,2.3473856,11.166954129266852,10.811666506487498,1.0,1.0
439,8549-9101,11.279311501926362,2.2815554,11.025864052846757,10.630481159417025,0.0,1.0
440,8551-3702,11.367807599413412,2.3247707,11.087760880460541,10.783051041924011,0.0,1.0
441,8552-6104,11.344820649894716,2.3821826,11.09974740792269,10.673081194290756,0.0,0.0
442,8553-6102,11.278806449026344,2.3346658,11.103165683809173,10.429871108831671,1.0,0.0
443,8554-6103,11.746969855895262,2.4798462,11.293716067442768,11.371293283577685,0.0,-1.0
444,8555-12704,11.810490955774224,2.4426885,11.201274512832843,11.521323680246095,-1.0,0.0
445,8555-6101,11.687643138227749,2.408008,11.406543137442954,11.0916186169611,0.0,0.0
446,8555-6103,11.649653651327723,2.4241683,11.181498221964869,11.262588890084121,-1.0,0.0
447,8555-6104,11.282762229166535,2.3456948,11.084478097094896,10.47985353120417,1.0,0.0
448,8555-9101,11.44738371890121,2.4164667,11.227929307805335,10.72760307673483,1.0,-1.0
449,8561-6101,11.453514079402757,2.4097028,11.168673793387057,10.892604276019114,0.0,0.0
450,8563-3703,11.238394033593998,2.3218253,11.071373910006063,10.314699587234216,1.0,0.0
451,8565-12702,11.231863512401544,2.2448616,10.895078764451727,10.746473653575213,-1.0,0.0
452,8566-6102,11.236270483322727,2.3046122,10.942932137523512,10.625271509493606,-1.0,1.0
453,8568-9102,11.343283607876769,2.3334258,11.06433528610517,10.725760491859338,0.0,1.0
454,8569-1901,11.417340421971526,2.3349175,11.040567954695062,10.949283614579864,-1.0,1.0
455,8570-3704,11.352694018000767,2.3915858,11.1384598072122,10.603452077632749,1.0,-1.0
456,8591-3704,11.524855484170356,2.4413795,11.145906208938422,11.08129178585084,-1.0,-1.0
457,8591-6102,11.565180882478014,2.440277,11.266517351174256,11.024023914491957,1.0,-1.0
458,8592-12703,11.451230200459026,2.3526993,11.068395358094817,10.96673395292332,-1.0,1.0
459,8592-12705,11.365120366576605,2.3487685,11.006034312755459,10.909018305529887,-1.0,1.0
460,8592-9102,11.495367557553966,2.4313147,11.17189857331601,11.02020442677105,0.0,-1.0
461,8593-3704,11.765241539723627,2.470112,11.318953640015792,11.399531478355069,0.0,-1.0
462,8593-6103,11.315724997786083,2.4966452,11.13338867309468,10.425656959195429,1.0,0.0
463,8595-12704,11.5394904228323,2.3500888,11.070465651485339,11.17799196681037,-1.0,1.0
464,8595-3701,11.376333231243136,2.393969,11.109817257509725,10.769058913431515,0.0,0.0
465,8595-6101,11.659685156583116,2.4328709,11.265948343531274,11.2444037424452,0.0,0.0
466,8597-3703,11.20945173981114,2.3186152,11.037414878840783,10.393429957366658,1.0,1.0
467,8597-3704,11.272018007419684,2.357575,11.103923660422886,10.415405403777772,1.0,0.0
468,8597-9101,11.449826368731925,2.3679585,11.178963875858068,10.855148737144384,1.0,1.0
469,8600-12703,11.398384132649573,2.336316,11.058664540375457,10.921612430066943,-1.0,1.0
470,8600-9101,11.60340021286296,2.4498262,11.193859447882105,11.235202558639012,-1.0,-1.0
471,8601-6104,11.203709869300864,2.3726742,11.019729517868482,10.413015226864209,1.0,-1.0
472,8601-9102,11.314836457633838,2.4135582,11.114980352765985,10.532238112297062,1.0,-1.0
473,8602-12704,11.345462056682168,2.3459983,11.07564447738196,10.714610840326998,0.0,1.0
474,8606-9101,11.532199380491917,2.4083853,11.180697408725255,11.084706077808637,0.0,0.0
475,8609-6102,11.295606464648085,2.377575,11.070768692012962,10.558431910111386,1.0,-1.0
476,8612-6103,11.387332592306185,2.4301546,11.092817937224488,10.848714853383457,-1.0,-1.0
477,8613-12704,11.227789704362326,2.3793182,10.902121833109529,10.703967954036472,-1.0,0.0
478,8613-12705,11.818572800294382,2.5800772,11.235373040688042,11.524879443703501,-1.0,0.0
479,8613-6102,11.785388004846197,2.512716,11.367953925509196,11.391641437317418,0.0,-1.0
480,8613-6104,11.4440746886617,2.3612983,11.157312307596463,10.856102095685776,0.0,1.0
481,8615-12703,11.48625901969242,2.3916621,11.157087789727893,10.978792200977901,0.0,0.0
482,8615-12704,11.744901700444311,2.5414753,11.250658624375635,11.405528018353936,-1.0,0.0
483,8615-3702,11.377507357632993,2.466185,11.149442764270262,10.74208242560122,1.0,-1.0
484,8616-12703,11.913140957833406,2.4826279,11.409539264123469,11.574405113997603,0.0,0.0
485,8617-9102,11.362602399668077,2.4038455,11.099890355915772,10.778230386557683,0.0,-1.0
486,8619-6101,11.543448602608153,2.4109306,11.264226366171213,10.98913018745246,1.0,0.0
487,8619-9101,11.660524026264378,2.462498,11.277849782017185,11.190329430826116,0.0,-1.0
488,8621-9102,11.638059452652001,2.3303883,11.180899548231427,11.267514124104862,-1.0,1.0
489,8624-12701,11.473733286194454,2.4128482,11.026611911566926,11.07361601214192,-1.0,0.0
490,8625-12704,11.622137635675383,2.4727132,11.300921168379132,11.048163369643968,1.0,-1.0
491,8626-6101,11.284468586909712,2.3716,11.012578829567907,10.671891698349887,-1.0,0.0
492,8626-6102,11.230879344685144,2.3029692,10.97479577218672,10.526007173689766,-1.0,1.0
493,8651-9102,11.439513972482935,2.3470547,11.181483801846513,10.783958287218823,1.0,1.0
494,8652-12704,11.35782506904858,2.4122493,11.079317294136587,10.742168234485597,0.0,-1.0
495,8652-3701,11.316953203681702,2.4033456,11.111033917993925,10.507737019362114,1.0,-1.0
496,8652-3703,11.271649157339143,2.3148873,11.10888337328422,10.377268662147701,1.0,1.0
497,8654-6104,11.45868498086711,2.4439874,11.148631769101282,10.912937789012174,0.0,-1.0
498,8655-3702,11.487911001492774,2.4414563,11.222674840258492,10.879487632547413,1.0,-1.0
499,8655-9101,11.256579499580393,2.2964766,10.853527777555467,10.817286373641661,0.0,1.0
500,8711-12704,11.220911419323677,2.2558968,10.983461346428374,10.498406335882667,0.0,1.0
501,8713-3702,11.525138164656129,2.434157,11.245872011590823,10.9347916651677,1.0,-1.0
502,8714-12701,11.495957122533422,2.3338468,11.088813802233705,11.06870604519065,-1.0,1.0
503,8714-3704,11.376259161954382,2.3417728,11.187079555676158,10.560841865272357,1.0,0.0
504,8714-6103,11.43900911865908,2.362241,11.152837730225066,10.837768058084947,0.0,1.0
505,8717-12702,11.644506052578873,2.3725567,11.202757508000083,11.27758765631772,-1.0,1.0
506,8717-3702,11.346533315231007,2.3533142,11.112252884111799,10.633889883556455,1.0,0.0
507,8717-6104,11.652277929435245,2.4258568,11.25218053854411,11.225829376265454,0.0,0.0
508,8717-9102,11.531240335221591,2.438107,11.171079121246606,11.063986798714875,-1.0,-1.0
509,8718-6103,11.313886342910948,2.333632,11.074520640211789,10.659653090096667,0.0,1.0
510,8720-3703,11.420321410956928,2.3993008,11.198265130006554,10.67954210492866,1.0,-1.0
511,8720-9101,11.378793768618362,2.3458803,11.051219071622764,10.814558394270417,-1.0,1.0
512,8721-12704,11.29832624723398,2.3432395,10.96265849594323,10.800972517208999,-1.0,1.0
513,8721-9102,11.550997987396027,2.4572184,11.232106116144084,11.000701058570902,1.0,-1.0
514,8722-12701,11.661286184032022,2.3425047,11.254802467178365,11.258485172132701,0.0,1.0
515,8722-3702,11.496067992758313,2.3225727,11.126684164405864,11.003006836809957,-1.0,1.0
516,8722-3704,11.326751082996426,2.398632,11.041855202931192,10.73692207968044,-1.0,-1.0
517,8722-6102,11.405540079487634,2.423692,11.1293856777896,10.81485303243015,0.0,-1.0
518,8722-6103,11.319775931172147,2.324506,11.029254720146481,10.652735714684795,0.0,1.0
519,8722-6104,11.563794657500724,2.4101145,11.251056906932313,11.04924703825579,1.0,0.0
520,8722-9102,11.229823466640292,2.3337972,10.959630189422384,10.546360640378564,-1.0,1.0
521,8723-6103,11.335874657063451,2.369212,11.062254090084544,10.759233498594412,-1.0,0.0
522,8724-12703,11.336788871774107,2.4262488,11.08629601184712,10.720058672387136,0.0,-1.0
523,8724-6101,11.436970560516544,2.3797674,11.179760301719165,10.805248375207729,1.0,0.0
524,8725-12704,12.200520135362435,2.651437,11.550905763170515,11.976917604250385,0.0,0.0
525,8725-3702,11.253222856562218,2.333562,11.034118078936666,10.503477276399664,0.0,0.0
526,8725-6103,11.236583424398198,2.425621,11.008597666842395,10.563125211245875,0.0,-1.0
527,8726-1902,11.654990496354705,2.472868,11.356337586282594,11.061480417749902,1.0,-1.0
528,8726-3701,11.399803308363877,2.37703,11.168672295071504,10.693013828039838,1.0,0.0
529,8726-9102,11.342236370384775,2.3725686,11.111025545011275,10.6534875887806,1.0,0.0
530,8727-6103,11.396315279656623,2.465761,11.222763005540351,10.505604911307056,0.0,0.0
531,8728-12703,11.488641891351799,2.4294193,11.21283057006819,10.888627381310656,1.0,-1.0
532,8728-3704,11.483273367385113,2.4072702,11.223993215551944,10.870092707483648,1.0,0.0
533,8936-12701,11.52699722334248,2.38127,11.08674522883008,11.12570902056179,-1.0,1.0
534,8936-12702,11.316067415919681,2.4230917,11.027339914856464,10.72813423828982,-1.0,-1.0
535,8939-6103,11.517413024311269,2.4151535,11.163382278239947,11.05554655112421,-1.0,0.0
536,8943-3701,11.60390786506581,2.4767187,11.336523129142371,11.018003266204797,1.0,-1.0
537,8943-6104,11.678978424678515,2.4759939,11.311648332878523,11.23335823900728,1.0,-1.0
538,8944-6102,11.29261443129778,2.319941,11.074081304324288,10.54416907033487,1.0,1.0
539,8946-12701,11.387918530376368,2.3084686,11.021454770883555,10.947027007316553,-1.0,1.0
540,8946-1902,11.350449655611948,2.3286006,11.131301936983377,10.641888909355558,1.0,1.0
541,8946-6104,11.599588845938925,2.4826224,11.171783271019423,11.202840291925307,-1.0,-1.0
542,8946-9102,11.417376959819032,2.397809,11.162931256288948,10.769444930695206,1.0,0.0
543,8947-6101,11.345678390048704,2.3662255,10.984939732940404,10.855750198994194,-1.0,1.0
544,8947-6104,11.284303021974377,2.3996,11.104601763469127,10.411730067852602,1.0,-1.0
545,8948-6104,11.566397312428364,2.3956141,11.14630431239879,11.15547342688491,-1.0,1.0
546,8952-12704,11.43478145717722,2.3608928,11.074907699834442,10.976966967860724,-1.0,1.0
547,8977-3703,11.586223033406272,2.380174,11.234677987826938,11.107014660603882,0.0,1.0
548,8979-12702,11.435506351295672,2.3112152,10.981862050460172,11.059743718852943,0.0,1.0
549,8980-12702,11.623036887555296,2.3552098,11.129760795180268,11.303203072668932,-1.0,1.0
550,8984-9101,11.285608835025194,2.3913145,11.083953399696641,10.490078196904395,1.0,-1.0
551,8986-12701,11.580181606138213,2.3830254,11.156204910611375,11.188119718584442,-1.0,1.0
552,8986-12702,11.392986489368592,2.315088,11.080706100839777,10.782657334049171,0.0,1.0
553,8986-12704,11.232850816493418,2.3240361,10.966457576349566,10.621661561194493,-1.0,1.0
554,8986-6103,11.68124119947206,2.5006063,11.354019886007944,11.171094562323537,1.0,-1.0
555,8988-6103,11.35477590010786,2.3835087,11.119867376227635,10.6334636809645,1.0,0.0
556,8989-12703,11.499196370529024,2.384131,11.102493943015515,11.036255826254095,-1.0,1.0
557,8989-12704,11.741890030581839,2.4259174,11.23960189835005,11.405213635664214,-1.0,1.0
558,8990-12702,11.451997278560201,2.3917136,11.165408449267835,10.89816371469717,0.0,0.0
559,8991-3702,11.527809463170033,2.4426816,11.160286181764535,11.089424611621023,-1.0,-1.0
560,8991-6102,11.584310541568708,2.4297023,11.235960897499039,11.091114656111031,0.0,0.0
561,8991-9102,11.489857680738082,2.306086,11.188777736674698,10.881889905520016,1.0,1.0
562,8995-12701,11.498261523056293,2.4497252,11.206909922231949,10.93391584774998,1.0,-1.0
563,8995-12703,11.38072352768775,2.3537946,10.94575786484471,10.946968410813689,-1.0,1.0
564,8995-12704,11.202843093780594,2.3887696,10.90024482774771,10.694289098440414,-1.0,0.0
565,8995-3704,11.404857101911485,2.371497,11.170748266902212,10.748378934120424,1.0,0.0
566,8996-3702,11.349297180316292,2.420836,11.154149544924897,10.53258905541954,1.0,-1.0
567,8997-9101,11.280386879043773,2.3705585,11.070219626032156,10.477086134991023,1.0,-1.0
568,9000-12701,11.271712188057503,2.3284388,10.957472681759063,10.686629764102092,-1.0,1.0
569,9000-12704,11.212419725032936,2.2912335,10.910375120582128,10.676508763316898,-1.0,1.0
570,9001-12701,11.584482986987036,2.4336944,11.135918497575133,11.226951412763249,-1.0,0.0
571,9002-12702,11.605605115863778,2.3066747,11.120648699807347,11.293580080000105,-1.0,0.0
572,9024-3703,11.504170128410246,2.39692,11.227345048229793,10.90825518416621,1.0,0.0
573,9025-6102,11.535476401308756,2.4477508,11.197049968964723,10.993613096983196,0.0,-1.0
574,9025-9101,11.765626986652665,2.4099865,11.157465420668924,11.512702459937996,-1.0,1.0
575,9026-12701,11.287183322207838,2.3210208,11.113765212190593,10.338222958864602,1.0,0.0
576,9026-12704,11.383357146444189,2.2816374,11.033145591822795,10.893846126192253,-1.0,1.0
577,9027-3704,11.32961570822417,2.435209,11.141605273324638,10.516912949388546,1.0,-1.0
578,9028-3701,11.523750148561323,2.4985032,11.246737910722361,10.945241904955491,1.0,-1.0
579,9029-12703,11.323064348052366,2.359937,11.051606632030706,10.737102323728497,-1.0,0.0
580,9030-12705,11.391444194135774,2.3598301,11.111991323620355,10.783186888100602,0.0,1.0
581,9030-3701,11.200872839568676,2.2431026,11.016374750192385,10.41215172452835,1.0,1.0
582,9030-3703,11.345346448122918,2.3880985,11.177682821348393,10.507234419448894,1.0,-1.0
583,9030-6101,11.535909514691285,2.4550252,11.207624762062883,11.023212001120749,0.0,-1.0
584,9031-3701,11.250367498090938,2.3633626,11.129314249619785,10.184146446340865,0.0,-1.0
585,9031-9101,11.284554397763877,2.3939276,10.9910258369698,10.71395529292258,-1.0,-1.0
586,9031-9102,11.55236448118301,2.362558,11.212868440401422,11.05884695451843,0.0,1.0
587,9032-3702,11.216567556343682,2.297336,10.895839546200115,10.640589743017157,-1.0,1.0
588,9033-6104,11.626969256283108,2.4531407,11.277538701249483,11.155727795144887,0.0,-1.0
589,9033-9101,11.414368294371583,2.389926,11.071645869453112,10.898488232931378,-1.0,0.0
590,9034-12704,11.236877679058196,2.3041275,11.042188281608798,10.423266175956476,1.0,1.0
591,9034-6104,11.566202459350867,2.4145024,11.230179454853523,11.03714846206896,0.0,0.0
592,9035-9101,11.25733493188387,2.2850838,11.020667875557493,10.552161555370203,0.0,1.0
593,9036-3703,11.246658600774555,2.2504392,11.086019816468632,10.275703703826562,1.0,1.0
594,9037-6104,11.234558053622713,2.3179202,11.070205299219424,10.327773763157419,1.0,0.0
595,9038-12702,11.319934604183295,2.3543582,11.143231988179874,10.40663154238622,1.0,0.0
596,9039-12701,11.532633680046679,2.4144442,11.208562518962811,11.040998553131704,0.0,0.0
597,9039-12703,11.52896036000523,2.3986783,11.073723438981352,11.166668455762313,-1.0,1.0
598,9039-12705,11.214371151544045,2.276375,10.985838553133355,10.486611039128565,0.0,1.0
599,9039-6101,11.485158388054465,2.3836038,11.194610491949817,10.88511541686919,1.0,0.0
600,9040-3701,11.640013126800415,2.4427414,11.34473330326895,11.073323874746603,1.0,-1.0
601,9041-6103,11.423523206539576,2.3975255,11.135849051169345,10.81728967725673,0.0,0.0
602,9042-3701,11.469845501490417,2.46533,11.168689120288072,10.924685250774939,0.0,-1.0
603,9042-3702,11.508591735364291,2.4401116,11.244451320711196,10.896795026567382,1.0,-1.0
604,9042-3703,11.249769926137857,2.406577,11.147129399008119,9.958603314840575,0.0,0.0
605,9043-12701,11.635904852390988,2.540452,10.904676564343031,11.45475518190346,0.0,0.0
606,9043-12702,11.294949624600262,2.3647883,11.018354048845868,10.674380337520358,-1.0,0.0
607,9043-12703,11.451260990375518,2.450353,11.116096936703235,10.96006572313935,-1.0,-1.0
608,9043-3703,11.382889060253119,2.4443462,11.144364349076662,10.70538920225984,1.0,-1.0
609,9043-3704,11.475520076257123,2.3761303,11.190763618459737,10.87009287235303,1.0,0.0
610,9043-9101,11.593811986078757,2.456038,11.172159258027532,11.170601328925462,-1.0,-1.0
611,9043-9102,11.434930435267011,2.4217985,11.122738098142582,10.909833075988894,0.0,-1.0
612,9044-12702,11.419326164427227,2.4691603,10.922393718338936,11.074883974653373,0.0,-1.0
613,9044-3704,11.424739307174814,2.4372988,11.188543268791673,10.75291622646309,1.0,-1.0
614,9044-6102,11.21534291558182,2.331276,10.998419029721244,10.443053642029534,0.0,0.0
615,9045-12701,11.575078666625387,2.3726804,11.144721117717602,11.180399964154457,-1.0,1.0
616,9045-12705,11.595587051843134,2.3433554,11.109534410225343,11.258272836320526,-1.0,1.0
617,9045-3701,11.591662791313219,2.3622322,11.210475820789606,11.107079297926743,0.0,1.0
618,9045-3704,11.443005018716752,2.32284,11.209058268713738,10.794387485239483,1.0,1.0
619,9046-12701,11.43286024451966,2.3501585,11.096362149383351,10.913197893228757,-1.0,1.0
620,9047-12701,11.414250391116695,2.3271823,10.986693231702683,11.031255557627036,-1.0,1.0
621,9047-6102,11.213454047689734,2.3982632,11.033953649557331,10.332821475338868,1.0,-1.0
622,9048-3703,11.615917039317463,2.4875283,11.239387119260355,11.168129004998269,0.0,-1.0
623,9048-6102,11.64891008673581,2.4423516,11.3530882880904,11.068112141726854,1.0,-1.0
624,9050-3701,11.253295142646907,2.430134,11.065976006955877,10.435732522187699,1.0,-1.0
625,9085-12704,11.321003745592936,2.2727418,10.946819516253537,10.795250350959329,-1.0,1.0
626,9085-6102,11.701983790299353,2.4720576,11.307654705434993,11.23347786781792,0.0,-1.0
627,9086-9101,11.2600242684104,2.3060508,11.074908891620703,10.34804754338148,1.0,1.0
628,9087-3703,11.215732972302682,2.3144386,11.055339446078108,10.244828649109158,1.0,0.0
629,9088-6103,11.321820918027784,2.3813624,11.128208918730927,10.39215545491423,1.0,-1.0
630,9089-1902,11.349839100481011,2.3790472,11.02950319909488,10.845378913103735,-1.0,0.0
631,9090-9102,11.398256501614922,2.3204293,11.135212488267387,10.784664457583093,0.0,1.0
632,9091-6102,11.406727177515954,2.3452313,11.204506715326978,10.624071676226576,1.0,0.0
633,9092-12704,11.67817424256764,2.4731247,11.198264770393903,11.347016391262208,-1.0,-1.0
634,9092-3703,11.279107171421476,2.3593938,11.089071820003522,10.532018963425097,1.0,0.0
635,9092-6103,11.35801340363915,2.4094582,11.095027622128532,10.724971529840767,0.0,-1.0
636,9092-6104,11.565165811785251,2.4582322,11.243422865517855,11.039969126501685,1.0,-1.0
637,9093-12703,11.289814802227347,2.3573883,11.056940200712859,10.618912294795557,0.0,0.0
638,9094-12702,11.825412033336885,2.4876835,11.134562733488567,11.625567702298703,0.0,0.0
639,9094-12704,11.392820187082288,2.2028205,11.055583736466865,10.862256894997264,-1.0,0.0
640,9094-3702,11.366350167463205,2.3695433,11.114241512733521,10.730764467339032,0.0,0.0
641,9094-6103,11.492620707102098,2.440364,11.18498240418332,10.918693431126698,0.0,-1.0
642,9094-9102,11.65334864740393,2.4933896,11.381699732366565,11.04688270454905,1.0,-1.0
643,9181-12704,11.350666724797941,2.2996347,11.086104960785967,10.68744686824989,0.0,1.0
644,9181-3702,11.650107238450753,2.492809,11.28428868811208,11.190942290102186,0.0,-1.0
645,9181-3704,11.609632431924373,2.4179852,11.26374721664752,11.116143286361867,0.0,0.0
646,9181-6103,11.251704669377391,2.333923,10.997785251671479,10.603537004986041,-1.0,1.0
647,9182-12701,11.743954392989654,2.5064683,11.267976682218945,11.398353541073588,-1.0,-1.0
648,9182-3704,11.31386732494611,2.4323041,11.05212229639769,10.711997695282452,0.0,-1.0
649,9182-6103,11.27069923693911,2.3635445,11.056015725916382,10.562462502885795,0.0,0.0
650,9182-9101,11.406495642871342,2.3747208,11.11174888385836,10.844891270858081,0.0,0.0
651,9183-6103,11.288977638695107,2.3686292,11.040247766994534,10.694364139437704,0.0,0.0
652,9185-3701,11.48805230025666,2.392276,11.111262810899179,11.045602478764426,-1.0,0.0
653,9186-9102,11.21007946538327,2.2918873,10.960983305513189,10.461901627690313,0.0,1.0
654,9187-12701,11.451038897488152,2.411583,11.06045972549722,10.996657498974903,-1.0,0.0
655,9188-6101,11.553780723115384,2.4450324,11.214922769368812,11.03814826385143,0.0,-1.0
656,9189-3703,11.684029250314158,2.4419742,11.202086519277643,11.341757402338686,-1.0,0.0
657,9191-6103,11.686806712110789,2.4847355,11.287018422463051,11.249874389799306,0.0,-1.0
658,9192-6103,11.45922186460409,2.4005349,11.22177878456247,10.732901466219044,1.0,-1.0
659,9194-3701,11.43908747161242,2.353851,11.225922057334765,10.675346676064452,1.0,0.0
660,9195-6103,11.521354531565759,2.453297,11.271514562688852,10.82700602062073,1.0,-1.0
661,9196-12705,11.223651286787463,2.2516234,10.852550293954307,10.798375716042546,0.0,0.0
662,9196-3701,11.67522321044973,2.4602056,11.335008142277056,11.170020598162433,1.0,-1.0
663,9196-6102,11.30084823492304,2.2509449,11.010818745336035,10.690549893040377,-1.0,0.0
664,9484-12702,11.709270586586037,2.4681249,11.242131339114954,11.354200324048138,-1.0,-1.0
665,9485-6101,11.453559846559935,2.3686407,11.179553839184695,10.792365200796894,1.0,0.0
666,9485-9101,11.455216349843862,2.377791,11.170544585298757,10.873463494742019,0.0,0.0
667,9489-12701,11.649250394473556,2.4015987,11.261182010884376,11.22523374128298,0.0,1.0
668,9490-12705,11.29946738617459,2.2155821,11.012284875986367,10.59406579577061,0.0,0.0
669,9490-9102,11.661739805207496,2.4306402,11.201700831612042,11.299216188240539,-1.0,0.0
670,9491-1902,11.327073517860123,2.2829893,11.023492226931722,10.741984900587262,-1.0,1.0
671,9492-9101,11.941572920054455,2.4658701,11.410434049023115,11.654378514942707,0.0,0.0
672,9494-9101,11.34751345155682,2.3766735,11.080615651897256,10.728103658387731,0.0,0.0
673,9495-6104,11.249010152635584,2.3626773,11.078591960383713,10.41257204944872,1.0,-1.0
674,9497-6102,11.26502602661592,2.3369353,11.02244732723048,10.61578412190538,0.0,1.0
675,9498-3701,11.5046667410638,2.3236105,11.260977593385372,10.833840552961894,1.0,1.0
676,9498-9101,11.67193728513482,2.4434557,11.380979467997097,11.124284540688464,1.0,-1.0
677,9502-9101,11.44173689693847,2.378972,11.13553033940253,10.913515728916995,0.0,0.0
678,9506-3704,11.467058148336806,2.4216292,11.147912786330009,10.955753428193672,0.0,-1.0
679,9506-6103,11.64692975255305,2.4857547,11.280620490506074,11.206369753708435,0.0,-1.0
680,9507-9101,11.485689239851842,2.3635948,11.162886221985753,10.982468674771617,0.0,1.0
681,9508-12703,11.324059781083761,2.1534638,11.025663040384092,10.614385353679316,0.0,0.0
682,9510-12705,11.458998109615347,2.3760011,11.009690690852315,11.069048986240277,-1.0,1.0
683,9511-12705,11.494150647002904,2.3485205,11.251938419587105,10.766213258808593,1.0,1.0
684,9511-9102,11.62713405699381,2.4020135,11.251911360610636,11.162847923795745,0.0,0.0
685,9513-12703,11.412440029814716,2.39193,11.111356915407908,10.82745660384116,0.0,0.0
686,9864-12701,11.38339453228257,2.350524,11.138596597498811,10.695974205938512,1.0,1.0
687,9864-12702,11.509989836428499,2.405993,11.072742974640146,11.10733578584956,-1.0,0.0
688,9864-3702,11.446139754160127,2.4417481,11.215205711651185,10.74466764967679,1.0,-1.0
689,9864-6104,11.308928917671603,2.4438274,11.063757946708478,10.649973766897903,0.0,-1.0
690,9865-12703,11.497647737317934,2.3391309,11.059858588900857,11.10812320555186,-1.0,1.0
691,9865-6102,11.40746446433634,2.3369877,11.120728353776553,10.824761193694947,0.0,1.0
692,9867-12705,11.432708306227685,2.4077349,11.151617867559457,10.84381395472547,0.0,-1.0
693,9868-12704,11.412408979754353,2.4007409,11.181166094352243,10.698973820352059,1.0,-1.0
694,9870-9102,11.507956579496078,2.4778602,11.144328659224055,11.077973606790103,-1.0,-1.0
695,9878-3701,11.283290479685801,2.394982,11.07568345824688,10.53945276371027,1.0,-1.0
696,9881-6103,11.444673916980102,2.4140625,11.174133950483958,10.852187963768785,0.0,-1.0
697,9882-9101,11.41690832691519,2.3155417,11.170108367690107,10.647399028635004,1.0,1.0
698,9883-6101,11.485741903980408,2.457031,11.187464259352788,10.900747227152387,0.0,-1.0
699,9883-6104,11.583177610260577,2.4551415,11.19272329249481,11.18426234219525,-1.0,-1.0
700,9884-3702,11.396249110802012,2.363218,11.036644459520923,10.90227380614111,-1.0,1.0
701,9884-6102,11.72179855389704,2.4710093,11.27560696068106,11.333256760913974,0.0,-1.0
702,9885-12703,11.3568444720309,2.3624413,11.015748558756275,10.878341596386324,-1.0,1.0
703,9885-6102,11.245905751005942,2.3397353,10.985252440504933,10.610395820835766,-1.0,1.0
704,9886-3703,11.562772895366175,2.4361727,11.311414157406494,10.923410959964123,1.0,-1.0
705,9886-6101,11.478228438659697,2.3757775,11.215703112351617,10.860294534861557,1.0,0.0
706,9886-9102,11.21005799219999,2.4543831,11.044953311596906,10.180765908015099,1.0,0.0
707,9887-12703,11.268834311719008,2.3513448,10.93531956346559,10.780149033630181,-1.0,1.0
708,9887-12704,11.313810412904632,2.3867886,11.000176848440292,10.73867958005368,-1.0,0.0
709,9887-1902,11.297685550976711,2.3851292,10.992452133484546,10.783534631581027,-1.0,0.0
710,9887-6101,11.659381648899341,2.4687312,11.25213766649081,11.263337120469412,0.0,-1.0
711,9887-9102,11.477996366279417,2.3402405,11.148121345109798,10.941208794940184,0.0,1.0
712,9888-12703,11.649919245495727,2.4786983,11.359961629309716,11.094319515502608,1.0,-1.0
713,9888-6101,11.463087545101322,2.4153998,11.149141267019521,10.928339984543193,0.0,-1.0
714,9888-6102,11.527250393667456,2.3982534,11.263119061049894,10.878255802347084,1.0,0.0
715,9888-6104,11.777118206883067,2.4374557,11.319404137305973,11.379995695310235,0.0,0.0
716,9889-9101,11.221101519575207,2.348887,11.066842235583582,10.296504879237464,1.0,-1.0
717,9890-12703,11.281054867965032,2.3796937,10.924679577457928,10.859127112038513,-1.0,0.0
718,9890-3702,11.604929527870613,2.5236812,11.40602516521479,10.810968211327001,0.0,0.0
719,9890-9102,11.558748566483398,2.4120421,11.237947182132716,11.04866184951549,0.0,0.0
720,9891-12701,11.407388271073687,2.4301765,11.069035018698887,10.882919191680015,-1.0,-1.0
721,9891-3701,11.404653734707187,2.33763,11.050236087941766,10.911175566673005,-1.0,1.0
722,9891-6101,11.355372196928782,2.3162222,11.175111422069554,10.456634401180438,1.0,1.0
723,9891-9101,11.583062901986052,2.3805244,11.112669135054809,11.21376134277295,-1.0,1.0
724,9892-3701,11.420042418117022,2.3168116,11.212337322864903,10.641960691122252,1.0,1.0
725,9893-3703,11.264724222995655,2.4555006,11.171228257784163,9.968358673944149,0.0,0.0
